START TRANSACTION;
-- LVA
INSERT INTO map(ap,name,filename,midx,midy,radi,rado) VALUES (1, 'LVAP', 'lva', 1432.75, 1463.36, 900.0, 1000.0);
-- spawns
UPDATE spw SET sx=1353.8176, sy=1369.5680, sz=10.5130, sr=0.0 WHERE ap=1 AND class=1;
INSERT INTO spw(ap,class,sx,sy,sz,sr) VALUES (1,2,1292.8827,1560.4779,10.8703,180.0);
-- move svp a bit
UPDATE svp SET x=1391.3348, y=1785.3485, z=10.6291 WHERE apt=1 AND x>1380.0;
-- don't need a second service point at LVA for now, put it at a gas station in LS
UPDATE svp SET x=1944.5383, y=-1772.7539, z=13.3906 WHERE apt=1 AND x<1380.0;
UPDATE veh SET x=1333.5728, y=1415.7074, z=11.3303, r=270.0 WHERE i=5; -- dodo
UPDATE veh SET x=1320.5027, y=1415.7074, z=11.3303, r=270.0 WHERE i=6; -- dodo
UPDATE veh SET x=1313.8735, y=1312.1687, z=12.5403, r=270.0 WHERE i=11; -- beagle
INSERT INTO veh(m,ap,x,y,z,r,col1,col2,inusedate) VALUES
(577,1,1319.7687,1478.0000,10.7700,270.0,1,3,UNIX_TIMESTAMP()),
(553,1,1298.5007,1393.2599,12.9503,270.0,91,87,UNIX_TIMESTAMP()),
(592,1,1323.8710,1350.0797,12.0203,270.0,1,1,UNIX_TIMESTAMP()),
(519,1,1305.4441,1436.4463,11.8303,270.0,1,1,UNIX_TIMESTAMP()),
(519,1,1329.7239,1436.4463,11.8303,270.0,1,1,UNIX_TIMESTAMP()),
(553,1,1326.3007,1393.3409,12.9503,270.0,111,3,UNIX_TIMESTAMP()),
(563,1,1288.8102,1546.8671,11.6303,-135.0000,1,6,UNIX_TIMESTAMP()),
(487,1,1273.2269,1388.2345,11.0503,-89.1540,54,29,UNIX_TIMESTAMP()),
(487,1,1272.8717,1411.5426,11.0503,-89.1540,29,42,UNIX_TIMESTAMP()),
(469,1,1272.7372,1432.0780,10.8203,-88.8670,1,3,UNIX_TIMESTAMP()),
(417,1,1275.8037,1451.3733,11.0203,-89.4399,1,1,UNIX_TIMESTAMP());
-- SFA
INSERT INTO map(ap,name,filename,midx,midy,radi,rado) VALUES (1,'SFAP','sfa',-1455.2334,-264.5284,900.0,1000.0);
-- spawns
UPDATE spw SET sx=-1248.4604, sy=1.1375, sz=14.5184, sr=-145.0 WHERE ap=3;
INSERT INTO spw(ap,class,sx,sy,sz,sr) VALUES (3,2,-1204.4620,67.2410,14.2126,-145.0);
-- move SFA svps a bit
UPDATE svp SET x=-1185.7402, y=-195.5170 WHERE apt=3 AND x>-1300.0;
UPDATE svp SET x=-1657.3892, y=-358.4780 WHERE apt=3 AND x<-1300.0;
-- move cargo A mission point
UPDATE msp SET x=-1298.9701, y=-461.7199, z=13.1484 WHERE a=3 AND t=56;
-- vehs
INSERT INTO veh(m,ap,x,y,z,r,col1,col2,inusedate) VALUES
(592,3,-1165.7468,-128.5600,15.5040,128.4097,1,1,UNIX_TIMESTAMP()),
(553,3,-1196.3042,-101.3427,16.4240,130.2687,61,74,UNIX_TIMESTAMP()),
(553,3,-1176.5267,-84.5887,16.4240,130.2687,91,87,UNIX_TIMESTAMP()),
(519,3,-1208.9091,-74.0149,15.2084,133.8337,1,1,UNIX_TIMESTAMP()),
(519,3,-1194.4819,-60.1636,15.2084,133.8337,1,1,UNIX_TIMESTAMP()),
(593,3,-1220.7798,-53.5530,14.6684,134.9390,1,1,UNIX_TIMESTAMP()),
(593,3,-1211.1532,-43.9466,14.6684,134.9390,1,1,UNIX_TIMESTAMP()),
(577,3,-1124.6578,-212.2453,13.9884,112.1432,8,10,UNIX_TIMESTAMP()),
(417,3,-1297.9100,8.7945,14.1484,135.0999,1,1,UNIX_TIMESTAMP()),
(488,3,-1274.9673,-10.6385,14.2884,135.0000,2,29,UNIX_TIMESTAMP()),
(469,3,-1264.8123,-20.0313,14.1484,135.0761,1,3,UNIX_TIMESTAMP()),
(487,3,-1284.8718,-0.1644,14.2884,135.0000,29,42,UNIX_TIMESTAMP()),
(513,3,-1235.8475,-43.1938,14.9784,135.0000,38,51,UNIX_TIMESTAMP()),
(460,3,-1176.0221,63.7038,2.5189,-135.0000,1,3,UNIX_TIMESTAMP()),
(563,3,-1194.3539,54.9264,14.9680,135.0000,1,6,UNIX_TIMESTAMP()),
(407,3,-1258.8832,68.1600,14.2884,45.0000,6,1,UNIX_TIMESTAMP());
-- LSA, move western svp a bit
UPDATE svp SET x=1573.2290, y=-2629.6765 WHERE apt=4 AND x<1700.0;
-- XXXX A69
INSERT INTO map(ap,name,filename,midx,midy,radi,rado) VALUES (0,'A69','a69',347.4201,1909.4603,900.0,1000.0);
-- move svp
UPDATE svp SET x=347.4201, y=1909.4603, z=17.6400 WHERE apt=0;
INSERT INTO veh(m,ap,x,y,z,r,col1,col2,inusedate) VALUES
(548,0,368.5349,1975.9834,19.4106,-180.0000,1,1,UNIX_TIMESTAMP()),
(520,0,344.9459,1968.7448,18.6406,90.0000,1,1,UNIX_TIMESTAMP()),
(520,0,344.8157,1984.3022,18.5906,90.0000,1,1,UNIX_TIMESTAMP()),
(548,0,368.5349,1942.8027,19.4106,-180.0000,1,1,UNIX_TIMESTAMP()),
(520,0,344.9459,1952.3743,18.6406,90.0000,1,1,UNIX_TIMESTAMP());
-- SFCA carrier
INSERT INTO veh(m,ap,x,y,z,r,col1,col2,inusedate) VALUES
(520,5,-1406.8506,493.8620,18.2344,0.0000,1,1,UNIX_TIMESTAMP()),
(520,5,-1420.2784,493.5299,18.2344,0.0000,1,1,UNIX_TIMESTAMP()),
(548,5,-1438.4324,492.1033,20.1644,-90.0000,1,1,UNIX_TIMESTAMP());
-- move spawnpoint a bit
UPDATE spw SET sx=-1347.65, sy=495.24, sz=18.37 WHERE ap=5;
COMMIT;
